src_ip,dst_ip,src_port,dst_port,protocol,bytes,packets,label
172.16.0.206,78.44.64.35,1933,5555,TCP,210560,381,1
10.0.0.38,10.0.0.53,50411,21,OTHER,15033,19,0
192.168.1.192,172.16.0.235,16922,3389,OTHER,10357,8,0
172.16.0.47,172.16.0.96,59438,110,TCP,1434,13,0
192.168.1.214,172.16.0.39,63246,443,UDP,1512,1,0
192.168.0.223,10.0.0.4,23520,443,TCP,6715,42,0
166.117.45.250,172.16.0.51,18180,3389,TCP,301,17,1
10.0.0.197,10.0.0.66,11638,443,UDP,9002,15,0
208.50.231.127,192.168.0.22,37625,22,TCP,1619,28,1
99.190.6.73,172.16.0.95,23628,443,UDP,1325356,18461,1
172.16.0.126,192.168.0.183,19362,443,OTHER,5678,24,0
172.16.0.124,10.0.0.156,10439,25,TCP,1043,24,0
192.168.1.181,192.168.0.251,63660,25,UDP,44202,38,0
172.16.0.5,220.80.225.117,1068,110,TCP,1326,9,0
10.0.0.197,156.58.83.247,21408,443,TCP,466,5,0
172.16.0.199,192.168.1.98,41241,22,TCP,2257,17,0
216.243.188.46,192.168.1.173,33244,44047,TCP,66,2,1
10.0.0.226,172.16.0.78,30056,22,UDP,8241,12,0
172.16.0.40,10.0.0.119,52403,110,UDP,5429,10,0
192.168.0.225,192.168.1.22,48990,143,TCP,4077,2,0
172.16.0.70,10.0.0.192,39488,21,UDP,1291,5,0
192.168.1.78,192.168.1.25,16411,21,TCP,3309,13,0
172.16.0.237,192.168.0.178,38940,53,UDP,3155,22,0
192.168.1.73,42.139.230.232,34667,53,UDP,12402,11,0
192.168.0.71,14.149.64.164,57939,143,TCP,2004,304,0
192.168.1.41,10.0.0.212,47207,3389,UDP,3443,12,0
192.168.0.127,62.255.36.136,59267,80,UDP,746,5,0
172.16.0.131,93.158.92.244,15061,25,TCP,26283,52,0
10.0.0.252,50.151.116.93,12783,22,TCP,3039,85,0
192.168.1.182,192.168.1.220,40652,53,OTHER,2886,9,0
172.16.0.161,135.87.14.9,44510,25,UDP,6998,102,0
192.168.0.42,192.168.1.76,2339,25,UDP,1302,37,0
172.16.0.232,10.0.0.174,63095,3389,TCP,123,11,0
192.168.1.214,10.0.0.143,36143,80,UDP,1348,36,0
172.16.0.18,10.0.0.199,56391,22,OTHER,3891,5,0
172.16.0.123,192.168.1.129,23783,110,TCP,3581,34,0
192.168.1.72,192.168.0.193,31479,3389,UDP,690,44,0
10.0.0.232,192.168.1.24,42592,110,TCP,3420,2,0
192.168.1.89,10.0.0.18,34182,25,UDP,1074,25,0
192.168.0.35,10.0.0.246,42576,53,TCP,13980,25,0
10.0.0.21,172.16.0.35,33944,3389,UDP,9073,27,0
121.176.224.60,192.168.0.151,60600,23,TCP,1433,27,1
172.16.0.179,112.10.82.74,48616,5555,TCP,98250,2014,1
192.168.1.232,204.49.233.157,12210,3389,TCP,7545,157,0
192.168.1.198,10.0.0.236,37308,21,UDP,3283,2,0
113.162.208.203,192.168.1.71,57807,22,TCP,1885,29,1
192.168.1.197,10.0.0.173,31086,110,TCP,23988,35,0
161.237.0.221,192.168.1.99,59576,23,TCP,1287,6,1
135.222.232.212,192.168.1.184,45169,443,TCP,710098,12914,1
114.255.50.40,10.0.0.182,43431,443,UDP,1110069,30812,1
175.67.242.89,10.0.0.107,28557,443,TCP,745968,27222,1
10.0.0.49,172.16.0.132,31617,143,UDP,1973,2,0
172.16.0.192,10.0.0.107,47026,21,TCP,6599,84,0
10.0.0.29,192.168.1.37,48877,21,TCP,2122,7,0
192.168.1.158,172.16.0.119,39056,21,TCP,2899,15,0
10.0.0.151,186.232.230.160,53966,9999,TCP,462130,4255,1
10.0.0.213,141.66.248.202,23551,80,TCP,3064,28,0
192.168.0.199,135.186.37.96,47196,110,TCP,2767,39,0
192.168.0.246,192.168.1.186,16163,21,TCP,15196,32,0
10.0.0.24,172.16.0.48,25339,110,TCP,376,9,0
172.16.0.103,192.168.1.81,28992,25,TCP,2150,60,0
192.168.1.169,172.16.0.106,4576,8080,UDP,12469,38,0
192.168.0.223,207.172.215.162,41152,3389,TCP,3183,17,0
192.168.1.238,192.168.1.198,59466,143,UDP,2874,171,0
192.168.1.230,193.63.196.90,64151,110,UDP,6480,9,0
154.159.227.58,172.16.0.75,57081,21,TCP,586,7,1
172.16.0.6,101.234.123.56,39254,25,UDP,307,78,0
10.0.0.44,172.16.0.141,34500,443,TCP,1036,4,0
134.175.88.182,10.0.0.8,49812,22,TCP,655,9,1
192.168.1.48,10.0.0.69,9218,143,TCP,6887,21,0
192.168.1.220,106.253.147.170,62968,110,TCP,6454,946,0
172.16.0.32,10.0.0.86,45708,22,TCP,990,8,0
10.0.0.206,192.168.1.42,26524,80,TCP,13819,230,0
192.168.1.88,172.16.0.249,51719,25,TCP,235,92,0
172.16.0.94,39.91.18.142,53656,110,TCP,7575,4,0
172.16.0.30,172.16.0.24,59933,21,TCP,5201,10,0
192.168.1.153,192.168.1.168,55819,80,UDP,4002,40,0
192.168.1.27,40.43.199.80,16055,8080,UDP,36921,11,0
192.168.0.187,192.168.1.194,2513,22,TCP,4603,160,0
192.168.0.140,27.40.167.170,20399,22,TCP,2051,53,0
25.180.73.4,192.168.0.133,19466,23,TCP,1794,20,1
172.16.0.138,192.168.1.79,14790,25,TCP,2677,19,0
172.16.0.211,172.16.0.246,24760,143,TCP,4626,9,0
192.168.0.220,58.105.137.167,27861,21,TCP,2583,26,0
10.0.0.166,142.20.196.170,13541,22,UDP,649,21,0
10.0.0.40,192.168.1.29,49493,80,TCP,515,3,0
10.0.0.12,192.168.1.6,56675,25,TCP,563,115,0
192.168.0.239,192.168.0.133,12456,21,UDP,12130,71,0
192.168.1.4,192.168.0.159,57964,143,OTHER,27304,79,0
146.34.50.210,192.168.0.130,38912,80,TCP,2210168,47129,1
192.168.1.98,16.132.135.46,29897,443,TCP,3296,33,0
172.16.0.222,192.168.0.247,57732,53,TCP,1345,11,0
205.234.56.250,192.168.1.201,41038,22,TCP,1886,22,1
10.0.0.124,192.168.1.114,21200,25,TCP,1125,5,0
192.168.1.206,10.0.0.225,36276,3389,TCP,11819,4,0
192.168.0.226,192.168.0.224,62151,22,TCP,3998,7,0
10.0.0.245,10.0.0.237,30015,22,TCP,4472,19,0
192.168.0.85,192.168.0.89,65405,25,UDP,1170,11,0
89.231.248.129,192.168.1.96,35540,80,UDP,871721,36863,1
10.0.0.124,207.207.152.117,5806,80,TCP,56788,20,0
172.16.0.15,192.168.0.22,33782,110,TCP,6133,25,0
220.72.116.79,192.168.0.54,9557,64298,TCP,60,2,1
192.168.1.166,172.16.0.239,47987,22,TCP,95988,3,0
5.95.255.55,192.168.0.226,44330,53,UDP,1125438,13530,1
192.168.0.166,211.237.154.167,27782,443,TCP,4018,11,0
172.16.0.236,20.126.255.174,7204,9999,TCP,737633,3290,1
192.168.0.134,130.81.212.140,36219,110,TCP,9485,1,0
10.0.0.214,192.168.0.97,43863,110,UDP,34549,6,0
10.0.0.34,215.215.187.140,45781,53,OTHER,689,57,0
172.16.0.217,192.168.1.126,47711,143,TCP,9144,36,0
10.0.0.206,172.16.0.190,8619,443,UDP,698,19,0
192.168.0.17,172.16.0.10,20255,8080,UDP,298,72,0
192.168.1.232,10.0.0.32,3822,143,UDP,14013,4,0
192.168.1.1,10.0.0.29,57466,22,TCP,8472,52,0
192.168.0.224,59.103.127.215,41564,25,TCP,273,31,0
192.168.0.115,10.0.0.78,39196,3389,TCP,820,13,0
10.0.0.193,172.16.0.60,36020,8080,OTHER,845,11,0
219.106.83.100,172.16.0.73,43436,49320,TCP,79,1,1
172.16.0.49,192.168.0.35,20002,443,UDP,36638,30,0
192.168.1.111,192.168.0.124,23683,110,TCP,1265,35,0
192.168.1.14,65.36.116.234,17974,110,TCP,28314,47,0
192.168.0.58,50.204.168.72,57670,443,TCP,1655,4,0
192.168.1.143,196.25.97.75,29830,110,OTHER,395,7,0
192.168.1.243,172.16.0.24,44459,8080,TCP,4543,10,0
192.168.0.25,92.79.70.68,25081,3389,TCP,728,17,0
192.168.1.117,192.168.0.184,46660,110,UDP,2233,27,0
103.248.249.60,192.168.1.136,2270,27657,TCP,187,2,1
30.76.98.8,172.16.0.62,17118,443,UDP,405820,33648,1
192.168.0.252,192.168.0.247,12413,21,TCP,6254,26,0
172.16.0.69,146.161.108.168,33741,110,UDP,26862,16,0
192.168.1.242,10.0.0.58,10966,25,UDP,2299,111,0
10.0.0.37,10.0.0.147,17068,53,TCP,17942,10,0
192.168.1.173,114.217.248.156,29993,110,TCP,7602,37,0
192.168.0.129,10.0.0.182,8587,25,OTHER,474,4,0
10.0.0.16,192.168.0.147,4406,22,UDP,3682,3,0
192.168.0.185,172.16.0.94,45350,8080,UDP,79594,8,0
10.0.0.213,10.0.0.141,35232,25,TCP,1122,12,0
192.168.1.26,172.16.0.154,45065,80,TCP,140,7,0
192.168.0.187,192.168.0.188,2460,3389,TCP,7006,31,0
172.16.0.181,10.0.0.139,46705,143,UDP,189,33,0
192.168.1.1,34.134.82.190,29980,21,UDP,2144,28,0
172.16.0.248,172.16.0.28,1715,443,TCP,55,59,0
10.0.0.113,172.16.0.32,2915,3389,TCP,935,15,0
192.168.0.157,192.168.1.80,27117,143,TCP,421,39,0
192.168.1.109,123.119.42.73,40233,21,TCP,673,2,0
192.168.1.222,10.0.0.181,57242,25,TCP,4277,270,0
192.168.1.82,192.168.0.84,33949,8080,TCP,1187,14,0
192.168.0.169,192.168.0.67,52307,8080,TCP,6440,11,0
192.168.1.104,10.0.0.178,62387,25,UDP,4730,3,0
10.0.0.170,172.16.0.81,63721,53,TCP,11959,135,0
192.168.1.22,84.252.59.99,19610,31337,TCP,179207,1421,1
192.168.0.222,192.168.1.53,36266,110,UDP,13285,12,0
172.16.0.168,206.161.209.93,8009,53,TCP,34997,55,0
172.16.0.102,158.101.230.152,29175,110,UDP,1357,32,0
172.16.0.246,172.16.0.162,13112,53,TCP,8800,6,0
172.16.0.236,160.13.201.152,38011,80,UDP,920,14,0
10.0.0.226,98.68.73.18,35791,3389,TCP,188,5,0
192.168.0.45,192.168.1.190,62029,3389,TCP,1278,24,0
192.168.1.211,192.168.1.188,5636,22,UDP,3109,19,0
172.16.0.248,124.124.173.247,51853,143,TCP,675,51,0
173.186.26.29,192.168.1.132,26121,443,UDP,1244105,33738,1
10.0.0.72,10.0.0.143,1689,21,UDP,12645,30,0
172.16.0.166,10.0.0.172,5438,22,UDP,8945,18,0
172.16.0.4,172.16.0.223,43935,53,TCP,142,24,0
192.168.0.71,88.150.231.207,9764,53,UDP,2026,3,0
192.168.0.141,172.16.0.210,16424,443,TCP,8495,29,0
172.16.0.29,192.168.0.78,9009,80,UDP,2510,69,0
192.168.1.94,94.89.34.144,47511,5555,TCP,718364,557,1
172.16.0.110,172.16.0.2,3496,21,UDP,2783,25,0
172.16.0.26,192.168.0.2,64234,21,TCP,6319,7,0
192.168.1.116,215.175.43.130,43368,53,TCP,6496,93,0
17.180.215.155,10.0.0.130,48814,53,UDP,1445034,55220,1
172.16.0.191,172.16.0.87,64837,53,TCP,17482,21,0
192.168.0.117,192.168.0.226,30822,443,TCP,17651,41,0
10.0.0.152,213.250.153.122,54484,80,UDP,37448,48,0
96.147.24.38,192.168.0.124,24166,443,UDP,1217256,44627,1
192.168.1.30,192.168.0.17,53744,8080,TCP,3075,9,0
192.168.1.189,192.168.1.141,19668,21,TCP,235,18,0
10.0.0.238,145.254.254.127,53975,53,TCP,10836,11,0
172.16.0.174,10.0.0.99,50543,53,TCP,675,17,0
172.16.0.119,198.70.207.48,52788,9999,TCP,282851,3055,1
32.128.250.128,172.16.0.28,16151,53,TCP,1385600,19351,1
192.168.1.250,71.204.180.172,26920,110,TCP,962,15,0
10.0.0.216,10.0.0.224,44937,53,UDP,1017,3,0
192.168.0.207,90.143.86.83,65183,22,UDP,1316,29,0
11.226.182.254,172.16.0.118,33332,22,TCP,1932,28,1
10.0.0.68,192.168.1.209,12473,80,OTHER,9688,30,0
192.168.1.216,134.214.243.147,58804,8080,TCP,2908,65,0
192.168.0.183,69.78.194.183,52397,53,TCP,10247,21,0
10.0.0.28,172.16.0.7,41626,21,TCP,683,31,0
172.16.0.71,192.168.1.20,45010,110,UDP,701,39,0
10.0.0.82,192.168.1.23,26458,21,UDP,7157,14,0
192.168.0.63,199.220.165.176,61588,3389,TCP,12386,4,0
10.0.0.194,192.168.1.43,31433,110,TCP,36022,12,0
172.16.0.179,10.0.0.21,56306,53,OTHER,3843,4,0
192.168.1.24,192.168.0.97,28538,143,TCP,659,5,0
172.16.0.66,192.168.0.149,5810,80,UDP,17182,25,0
130.169.151.122,10.0.0.249,62890,3389,TCP,1837,23,1
172.16.0.87,218.166.93.125,14925,25,UDP,16947,8,0
172.16.0.245,138.4.134.64,19851,443,UDP,6802,7,0
192.168.1.57,192.168.0.17,18348,25,UDP,4030,57,0
172.16.0.235,83.144.194.120,35997,25,UDP,3318,12,0
172.16.0.228,192.168.0.113,11877,8080,TCP,2707,27,0
10.0.0.53,192.168.0.192,26697,22,UDP,1191,4,0
192.168.0.8,172.16.0.143,50050,21,TCP,4159,12,0
172.16.0.252,192.8.182.202,5451,25,TCP,600,17,0
206.221.158.232,10.0.0.126,45913,53,TCP,2730464,31922,1
192.168.0.95,113.154.4.171,54573,21,UDP,2824,96,0
172.16.0.154,150.93.135.43,48484,25,TCP,1907,79,0
64.189.234.22,172.16.0.233,1700,443,TCP,1141410,20243,1
10.0.0.174,10.0.0.17,22630,443,TCP,8393,13,0
10.0.0.107,172.16.0.63,30959,21,TCP,8344,4,0
172.16.0.200,144.124.86.176,25975,53,TCP,2061,15,0
166.171.210.149,10.0.0.168,43363,23,TCP,1195,23,1
172.16.0.248,10.0.0.206,8571,143,UDP,1540,22,0
192.168.0.61,218.161.201.180,55543,25,TCP,2809,39,0
192.168.1.16,192.168.0.147,36194,53,TCP,7084,16,0
32.119.217.186,172.16.0.72,51147,23,TCP,1748,30,1
172.16.0.221,172.16.0.160,12807,143,TCP,28858,37,0
10.0.0.178,171.60.238.79,11491,110,TCP,13486,11,0
172.16.0.161,196.139.145.167,49712,21,TCP,18797,5,0
195.115.164.91,10.0.0.129,45603,27718,TCP,110,1,1
172.16.0.46,10.0.0.158,53990,21,UDP,48955,32,0
10.0.0.60,10.0.0.148,40209,25,TCP,3064,107,0
172.16.0.127,10.0.0.140,25622,443,OTHER,855,32,0
192.168.0.190,192.168.1.10,49223,53,TCP,5737,49,0
172.16.0.224,192.168.1.181,10073,21,TCP,801,5,0
10.0.0.62,192.168.0.171,44816,443,TCP,3004,21,0
10.0.0.75,2.254.220.45,9490,110,UDP,12870,17,0
10.0.0.180,192.168.1.176,16321,22,TCP,3865,29,0
10.0.0.235,81.211.23.145,57652,8080,UDP,14133,12,0
29.251.240.122,192.168.0.130,4676,25650,TCP,107,2,1
172.16.0.43,10.0.0.115,3799,25,TCP,7848,78,0
10.0.0.51,10.0.0.172,57557,143,TCP,2078,13,0
134.69.253.196,172.16.0.29,24698,53,UDP,1471606,21761,1
192.168.1.82,32.136.230.64,10256,443,UDP,7489,42,0
172.16.0.81,172.16.0.177,14386,110,TCP,628,16,0
147.199.165.147,192.168.1.207,33029,22,TCP,1614,26,1
98.49.219.89,10.0.0.106,24044,22,TCP,1554,12,1
78.62.12.104,192.168.0.137,62042,443,TCP,707012,27286,1
192.168.1.9,172.16.0.158,51228,80,TCP,18066,13,0
192.168.0.136,192.168.1.74,61790,143,TCP,666,27,0
192.168.1.121,163.36.241.228,13773,21,TCP,4297,11,0
11.53.85.162,192.168.1.223,14484,59703,TCP,132,1,1
192.168.1.196,36.118.34.182,10921,80,UDP,5542,131,0
192.168.1.47,192.168.0.101,28127,25,TCP,619,34,0
192.168.1.59,34.55.8.52,35280,21,UDP,2380,22,0
192.168.0.63,136.115.119.14,7590,110,TCP,1254,42,0
192.168.1.51,192.168.1.134,44671,8080,TCP,15320,36,0
118.39.59.210,192.168.1.107,9624,80,UDP,1830884,28951,1
192.168.0.207,7.23.125.252,32162,3389,UDP,3262,235,0
192.168.0.222,205.90.211.7,12778,25,UDP,1346,33,0
192.168.0.13,15.178.18.38,56980,80,TCP,29516,33,0
172.16.0.230,10.0.0.245,51687,53,UDP,3206,8,0
172.16.0.89,10.0.0.112,40752,21,TCP,356,13,0
192.168.1.121,31.129.22.17,20792,4444,TCP,2225240,847,1
192.168.0.113,192.168.1.210,56584,110,UDP,1260,11,0
192.168.0.82,137.60.94.82,56042,53,UDP,1201,124,0
172.16.0.92,192.168.0.243,60458,110,TCP,4984,31,0
192.168.1.213,40.155.84.42,22169,8080,TCP,2713,52,0
10.0.0.203,10.0.0.5,12443,22,TCP,11491,27,0
192.168.1.160,33.242.58.145,63136,8080,TCP,4402,43,0
192.168.0.38,192.168.1.229,50239,443,TCP,2829,6,0
172.16.0.41,10.0.0.249,33830,53,TCP,1208,128,0
10.0.0.69,192.168.1.43,29510,22,TCP,52,19,0
192.168.0.233,72.228.76.9,41270,3389,TCP,3372,58,0
192.168.0.110,192.168.1.1,15010,143,UDP,13956,32,0
6.166.19.118,10.0.0.44,44131,443,UDP,1433049,28130,1
192.168.0.246,192.168.1.24,25922,443,TCP,31850,43,0
36.44.73.54,10.0.0.122,57878,34427,TCP,125,1,1
192.168.1.198,10.0.0.35,3929,25,TCP,3570,33,0
192.168.1.117,65.165.59.249,51653,110,UDP,7018,62,0
172.16.0.197,98.214.82.210,14111,3389,OTHER,954,23,0
10.0.0.99,172.16.0.10,12309,22,UDP,14764,64,0
192.168.1.222,192.168.1.61,42502,110,TCP,18391,23,0
10.0.0.120,192.168.1.63,31986,443,OTHER,1705,59,0
192.168.0.80,172.16.0.24,15749,443,UDP,1439,21,0
10.0.0.230,39.53.25.238,63038,31337,TCP,67834,1202,1
221.9.16.254,10.0.0.208,29231,80,UDP,1859184,11237,1
192.168.1.122,192.168.0.154,53509,80,TCP,7419,24,0
192.168.1.107,192.168.1.141,17587,143,TCP,2605,84,0
207.243.64.53,172.16.0.178,10401,53,UDP,944705,13675,1
192.168.1.26,189.27.34.128,45464,4444,TCP,795474,750,1
10.0.0.113,172.16.0.31,17270,8080,OTHER,2506,14,0
10.0.0.163,192.168.1.244,22979,80,TCP,10413,31,0
192.168.1.120,192.168.1.93,37594,110,UDP,6665,8,0
192.168.0.16,203.138.27.120,43934,80,TCP,324,24,0
192.168.0.31,172.16.0.45,63221,53,UDP,1430,57,0
192.168.0.184,192.168.1.30,47307,143,TCP,13280,9,0
10.0.0.98,10.0.0.117,34155,3389,UDP,20261,11,0
192.168.0.52,48.195.148.142,33175,4444,TCP,161693,2729,1
172.16.0.62,10.0.0.220,47395,53,TCP,324,63,0
192.168.1.246,192.168.1.53,36579,25,TCP,495,31,0
10.0.0.80,177.185.71.210,29986,12345,TCP,348386,817,1
192.168.0.84,10.0.0.42,26776,3389,UDP,1130,6,0
192.168.1.105,172.16.0.75,3163,8080,TCP,4109,5,0
192.168.1.196,192.168.0.148,56500,110,TCP,396,8,0
192.168.1.19,10.0.0.34,62186,25,TCP,5126,93,0
192.168.0.184,172.16.0.213,25820,8080,TCP,149,29,0
192.168.0.121,172.16.0.235,19253,53,TCP,377,7,0
10.0.0.61,157.175.187.48,33711,110,TCP,363,115,0
192.168.1.121,10.0.0.204,19025,3389,TCP,10791,17,0
192.168.1.102,192.168.1.129,38459,21,TCP,131979,11,0
10.0.0.171,25.188.102.126,30216,31337,TCP,477077,304,1
192.168.1.209,172.16.0.25,30881,22,TCP,787,12,0
192.168.0.105,172.16.0.123,43657,8080,OTHER,3459,42,0
10.0.0.128,172.16.0.16,6772,22,UDP,1372,82,0
10.0.0.197,176.170.174.102,48498,3389,TCP,8057,64,0
192.168.0.133,192.168.1.3,46610,25,TCP,4376,53,0
144.114.249.67,192.168.0.31,23327,443,TCP,1410686,43054,1
192.168.0.243,10.0.0.168,6876,8080,UDP,5767,12,0
192.168.1.252,192.168.1.181,64491,21,UDP,7770,6,0
192.168.1.170,197.67.192.40,11657,53,TCP,11031,24,0
172.16.0.135,17.243.229.200,24750,21,TCP,10089,37,0
172.16.0.175,10.0.0.222,64657,25,TCP,4752,87,0
192.168.0.221,13.144.165.205,4663,4444,TCP,2218358,3139,1
192.168.1.248,80.180.53.148,34277,8080,UDP,8291,14,0
172.16.0.196,192.168.1.33,64927,443,TCP,2460,7,0
192.168.0.27,10.0.0.218,45867,3389,TCP,4340,28,0
10.0.0.148,172.16.0.102,62724,8080,TCP,6521,27,0
192.168.1.139,192.168.1.253,62219,143,TCP,4946,13,0
192.168.1.67,172.16.0.76,11012,8080,UDP,1988,7,0
172.16.0.232,192.168.0.88,61555,143,TCP,20632,39,0
172.16.0.73,219.76.170.21,39214,53,TCP,4171,20,0
172.16.0.202,10.0.0.225,3479,80,OTHER,948,3,0
172.16.0.211,192.168.0.249,21800,443,TCP,5166,7,0
172.16.0.146,172.16.0.141,43924,25,TCP,1530,29,0
172.16.0.247,172.16.0.177,56773,143,TCP,2139,20,0
192.168.1.156,99.205.146.183,64169,3389,TCP,7274,47,0
172.16.0.40,56.29.31.192,21576,80,TCP,1452,16,0
10.0.0.77,172.16.0.17,23062,22,TCP,3638,9,0
172.16.0.84,98.142.215.65,55740,443,TCP,4193,74,0
172.16.0.159,172.16.0.234,39241,53,UDP,42115,30,0
189.131.37.25,192.168.1.14,22838,3389,TCP,1164,16,1
192.168.0.152,192.168.0.44,44194,3389,TCP,1345,9,0
172.16.0.244,33.120.51.73,41624,443,TCP,3354,2,0
10.0.0.248,192.168.0.185,4389,3389,TCP,3347,8,0
204.212.252.78,192.168.0.54,37516,22,TCP,237,16,1
172.16.0.21,192.168.1.63,58837,21,TCP,3247,26,0
192.168.1.80,192.168.1.149,24935,53,UDP,23,7,0
10.0.0.83,16.45.118.137,49434,80,UDP,243,34,0
172.16.0.209,192.168.0.77,22039,3389,TCP,1991,6,0
192.168.0.17,10.0.0.139,31558,110,UDP,3461,12,0
192.168.0.123,86.155.7.55,62441,8080,UDP,1496,8,0
192.168.1.249,192.168.0.77,64870,143,UDP,18210,8,0
55.243.187.179,192.168.0.113,45164,22,TCP,570,16,1
172.16.0.34,10.0.0.118,21744,443,TCP,5127,10,0
192.168.1.5,10.0.0.138,65084,22,TCP,206,89,0
192.168.0.198,21.119.51.98,19241,143,TCP,4285,2,0
192.168.1.21,59.160.162.168,20118,22,TCP,12655,183,0
172.16.0.106,62.89.19.153,12820,31337,TCP,500153,4022,1
192.168.1.32,192.168.0.99,51567,143,UDP,989,69,0
172.16.0.248,172.16.0.118,12049,25,TCP,9278,7,0
172.16.0.224,144.44.110.187,59207,31337,TCP,620625,865,1
192.168.1.230,172.16.0.134,28593,25,UDP,575,4,0
98.66.220.220,192.168.0.154,15151,23,TCP,1688,26,1
172.16.0.153,98.239.128.249,37280,80,UDP,530,29,0
192.168.1.74,192.168.0.130,6061,22,UDP,4840,17,0
10.0.0.39,33.153.127.134,29055,9999,TCP,3878436,952,1
172.16.0.249,192.168.1.57,29331,22,TCP,1665,23,0
192.168.0.66,112.0.100.94,29289,443,TCP,1782,9,0
163.104.211.69,10.0.0.166,11548,16807,TCP,193,1,1
172.16.0.104,172.16.0.185,21530,110,UDP,61088,23,0
51.11.42.138,172.16.0.174,45035,22,TCP,1248,17,1
10.0.0.127,172.16.0.74,36196,80,TCP,35152,15,0
194.49.63.236,192.168.0.151,60083,3389,TCP,578,26,1
192.168.0.178,192.168.1.78,28606,443,UDP,1080,121,0
141.195.47.103,10.0.0.46,16757,21,TCP,382,5,1
49.214.92.105,192.168.0.8,20042,63972,TCP,107,1,1
192.168.0.134,172.16.0.25,29739,143,TCP,360,9,0
192.168.0.17,94.101.173.52,40015,31337,TCP,278001,1288,1
10.0.0.87,172.16.0.167,6287,25,TCP,1104,47,0
192.168.0.234,169.76.83.223,10500,53,TCP,1837,15,0
192.168.0.215,94.178.13.196,59439,9999,TCP,739631,1266,1
192.168.1.19,97.82.38.141,62748,443,TCP,4041,4,0
192.168.0.213,172.16.0.252,46597,143,TCP,8668,6,0
192.168.1.243,172.16.0.227,23934,80,UDP,774,32,0
172.16.0.223,67.243.61.96,34612,12345,TCP,53005,674,1
10.0.0.80,99.156.85.17,55015,80,TCP,456,85,0
192.168.1.73,28.254.101.156,14114,22,TCP,3612,10,0
192.168.0.122,192.168.0.108,33765,53,TCP,1915,69,0
10.0.0.30,178.72.198.108,40111,53,TCP,588,37,0
10.0.0.160,218.63.153.130,21293,110,UDP,2340,30,0
192.168.0.188,192.168.0.39,1441,110,OTHER,6902,59,0
172.16.0.192,192.168.0.98,45818,110,TCP,1207,32,0
10.0.0.35,192.168.1.102,24870,21,UDP,10993,32,0
192.168.0.157,166.251.55.37,36454,110,TCP,286,11,0
192.168.1.219,192.168.0.111,30617,8080,TCP,6772,16,0
192.168.1.94,10.0.0.21,56151,143,TCP,4027,63,0
10.0.0.126,10.0.0.19,52406,25,TCP,6737,13,0
192.168.0.145,192.168.0.189,48996,143,TCP,109658,18,0
10.0.0.212,58.232.169.144,51317,3389,OTHER,67029,10,0
10.0.0.184,192.168.1.195,44206,8080,TCP,40293,24,0
10.0.0.221,172.16.0.43,41404,53,TCP,4090,18,0
158.232.22.27,192.168.1.237,36240,3389,TCP,523,30,1
119.129.181.66,192.168.1.197,34017,1067,TCP,69,3,1
192.168.1.154,5.57.185.225,55528,22,TCP,10237,5,0
172.16.0.178,8.26.94.162,30082,5555,TCP,353816,829,1
10.0.0.200,172.16.0.250,41699,53,UDP,11767,27,0
190.212.226.74,192.168.0.207,48734,21,TCP,1692,18,1
192.168.0.194,46.224.250.177,22316,143,TCP,5942,10,0
10.0.0.216,192.168.1.212,57632,80,UDP,2538,7,0
192.168.0.203,103.172.80.137,40340,143,UDP,3027,5,0
10.0.0.240,164.222.30.134,14173,9999,TCP,1338527,995,1
10.0.0.61,10.0.0.208,5087,22,TCP,1533,8,0
10.0.0.33,192.168.0.197,64349,53,TCP,1379,6,0
192.168.1.88,192.168.0.153,62230,53,TCP,515,1,0
172.16.0.198,170.225.85.54,38887,25,UDP,2860,118,0
192.168.1.149,35.201.38.152,38236,80,TCP,588,57,0
152.242.236.72,192.168.1.187,29080,48247,TCP,103,1,1
136.48.185.221,192.168.0.119,51508,41056,TCP,93,2,1
192.168.1.6,192.168.0.232,43359,143,UDP,26120,24,0
192.168.0.45,172.16.0.212,29053,21,UDP,2699,5,0
172.16.0.6,192.168.0.206,63126,3389,TCP,868,25,0
122.137.216.24,172.16.0.208,25156,3389,TCP,1089,25,1
192.168.1.24,10.0.0.95,59844,110,TCP,621,2,0
10.0.0.232,84.28.150.92,25589,110,TCP,492,14,0
10.0.0.199,10.0.0.185,5175,21,UDP,3370,18,0
192.168.0.169,132.171.47.210,63414,8080,TCP,167,19,0
10.0.0.125,10.0.0.178,39308,53,UDP,11783,28,0
192.168.0.78,134.69.176.74,31773,21,TCP,3137,9,0
192.168.1.87,10.0.0.80,19396,143,UDP,2320,23,0
10.0.0.199,172.16.0.39,43810,80,TCP,4630,5,0
172.16.0.211,172.16.0.8,26106,110,TCP,4449,48,0
172.16.0.96,164.247.249.5,1457,21,TCP,933,5,0
10.0.0.220,118.6.214.29,28184,53,TCP,7229,60,0
192.168.1.237,200.51.146.223,36127,25,TCP,10205,33,0
41.87.117.23,172.16.0.220,35218,21,TCP,1965,11,1
159.219.133.39,192.168.1.246,25136,11150,TCP,185,1,1
192.168.1.175,10.0.0.197,43030,25,UDP,1210,15,0
192.168.1.234,10.0.0.27,3308,443,TCP,9812,5,0
192.168.1.2,192.168.0.195,51718,53,TCP,47569,6,0
192.168.1.48,172.16.0.27,2745,443,TCP,1801,106,0
192.168.0.18,192.168.0.104,8880,3389,TCP,10084,77,0
172.16.0.58,10.0.0.217,37479,25,TCP,4847,17,0
192.168.0.129,10.0.0.19,27046,80,TCP,864,14,0
172.16.0.115,192.168.1.76,15546,110,UDP,2063,9,0
5.132.83.149,192.168.1.38,21974,21,TCP,1998,27,1
10.0.0.156,196.224.195.102,54902,80,TCP,5286,30,0
192.168.0.70,54.175.104.176,42589,22,UDP,3396,14,0
192.168.1.147,94.203.160.167,19288,8080,TCP,1989,41,0
146.24.39.235,192.168.1.132,8077,21,TCP,1045,8,1
10.0.0.223,179.122.196.60,57123,110,TCP,996,24,0
192.168.1.5,192.168.1.68,15162,80,UDP,717,279,0
192.168.0.131,192.168.1.221,8209,53,TCP,1317,22,0
162.221.212.218,172.16.0.189,38947,23,TCP,275,20,1
172.16.0.6,190.108.104.140,35316,22,TCP,1255,1,0
110.47.20.132,10.0.0.250,31401,44332,TCP,97,3,1
48.105.17.171,10.0.0.251,23558,9696,TCP,135,2,1
10.0.0.153,10.0.0.113,9173,143,TCP,3252,6,0
10.0.0.199,197.50.67.53,48509,80,UDP,2421,5,0
192.168.1.133,58.207.180.210,57890,25,TCP,4693,9,0
10.0.0.236,2.92.73.145,44103,110,UDP,873,162,0
10.0.0.167,147.213.15.128,59285,21,TCP,1299,6,0
192.168.1.186,10.0.0.165,16173,143,UDP,277,42,0
10.0.0.202,10.0.0.144,57286,3389,OTHER,1085,26,0
10.0.0.56,192.168.0.219,24792,443,TCP,73097,2,0
10.0.0.233,172.16.0.139,9659,8080,TCP,27085,16,0
172.16.0.222,138.247.176.86,37194,21,UDP,1019,39,0
136.39.99.197,10.0.0.75,42182,80,TCP,2300178,21776,1
192.168.1.61,189.211.102.97,59440,5555,TCP,369357,14107,1
192.168.1.151,192.168.0.2,5676,80,TCP,324,9,0
192.168.0.107,10.0.0.70,55156,443,TCP,1001,15,0
192.168.0.135,192.168.0.143,50123,21,TCP,2871,45,0
192.168.0.125,192.168.1.153,43114,22,UDP,29617,67,0
5.247.220.11,192.168.1.20,13892,80,TCP,988674,13888,1
172.16.0.103,192.168.0.159,16994,21,UDP,302,70,0
35.14.132.203,10.0.0.169,37115,3389,TCP,1519,6,1
8.248.59.19,192.168.0.185,30175,38844,TCP,188,2,1
192.168.1.176,192.168.1.16,24323,53,TCP,3642,17,0
79.82.235.220,172.16.0.172,38404,53,TCP,3068345,37798,1
28.222.9.2,172.16.0.30,1895,11255,TCP,162,2,1
10.0.0.226,201.74.185.122,47926,9999,TCP,926167,1794,1
192.168.0.61,192.168.1.93,37332,3389,OTHER,134,18,0
192.168.0.205,172.16.0.106,4005,25,UDP,2052,100,0
172.16.0.12,120.134.115.215,18624,3389,TCP,2836,120,0
10.0.0.205,192.168.0.50,13489,21,TCP,1079,37,0
172.16.0.150,172.16.0.140,3433,25,TCP,1023,22,0
10.0.0.153,101.58.178.91,56435,143,TCP,8659,31,0
192.168.1.87,81.205.84.112,5052,31337,TCP,1297574,1115,1
156.23.2.65,172.16.0.78,65087,25867,TCP,134,1,1
192.168.1.94,192.168.1.97,58469,22,TCP,7817,75,0
10.0.0.94,10.0.0.116,12813,3389,TCP,461,10,0
10.0.0.188,10.0.0.250,27154,53,UDP,2518,16,0
202.93.201.12,172.16.0.46,6482,443,UDP,1279017,29020,1
10.0.0.148,181.203.70.219,57635,443,TCP,70,198,0
192.168.0.28,7.136.118.153,16240,8080,TCP,75808,10,0
157.135.160.112,192.168.0.81,49315,65180,TCP,165,1,1
192.168.0.196,144.101.249.102,43769,3389,TCP,5741,66,0
192.168.0.196,194.41.228.136,47146,25,UDP,73,9,0
172.16.0.96,172.16.0.230,58760,3389,OTHER,4170,78,0
10.0.0.221,172.16.0.222,8717,8080,TCP,131,109,0
172.16.0.37,64.134.219.230,39266,110,UDP,3298,4,0
222.75.63.90,192.168.1.53,57920,18620,TCP,86,1,1
192.168.1.76,172.16.0.52,7380,80,TCP,8004,149,0
192.168.0.109,58.76.136.212,10345,443,UDP,791,23,0
172.16.0.95,172.16.0.151,49669,53,TCP,3534,38,0
10.0.0.105,92.106.231.79,31389,22,TCP,12178,11,0
192.168.0.64,22.127.145.200,62711,80,TCP,3944,9,0
10.0.0.106,61.190.231.213,63330,22,UDP,6962,3,0
172.16.0.190,10.0.0.211,4707,21,UDP,3112,72,0
172.16.0.181,172.16.0.99,44519,53,TCP,3191,10,0
192.168.1.22,172.16.0.249,50599,3389,TCP,1371,25,0
169.43.61.37,172.16.0.134,26898,443,TCP,666956,39888,1
10.0.0.117,10.0.0.112,59218,53,TCP,2635,61,0
192.168.1.11,121.17.217.136,26866,31337,TCP,1109288,642,1
192.168.1.230,36.209.54.66,41056,8080,UDP,1843,30,0
192.166.117.200,172.16.0.51,8241,443,TCP,1870198,21185,1
185.248.10.15,192.168.1.81,40450,19529,TCP,56,2,1
172.16.0.100,192.168.1.220,58738,3389,TCP,291,21,0
222.121.226.100,192.168.1.137,1539,443,UDP,753346,37910,1
192.168.1.242,193.199.214.138,50013,21,TCP,605,32,0
192.168.1.116,192.168.0.83,40673,143,OTHER,4837,8,0
172.16.0.115,192.168.1.5,17796,8080,UDP,228,77,0
192.168.0.66,155.78.38.46,63367,143,TCP,1014,16,0
192.168.1.110,68.66.82.150,56468,22,TCP,1305,10,0
172.16.0.27,122.27.13.198,27042,21,TCP,892,103,0
174.180.145.83,172.16.0.158,5049,80,TCP,729295,15695,1
37.54.89.55,10.0.0.113,27787,16667,TCP,190,1,1
192.168.0.34,103.190.43.150,39435,22,UDP,2252,12,0
172.16.0.17,128.8.123.184,10433,22,TCP,272,11,0
10.0.0.42,54.136.36.156,42637,53,UDP,224,11,0
192.168.0.244,218.224.17.33,5430,8080,TCP,14583,3,0
172.16.0.1,172.16.0.188,13183,80,TCP,2953,46,0
192.168.1.124,10.0.0.110,40925,25,TCP,4727,45,0
40.14.41.118,172.16.0.117,42203,62601,TCP,108,3,1
192.168.0.113,55.77.210.158,46018,143,TCP,1167,20,0
10.0.0.228,192.168.0.168,45029,143,UDP,21506,24,0
192.168.0.24,127.111.175.108,21443,143,UDP,6688,7,0
192.168.0.249,192.168.1.161,5314,8080,UDP,3345,5,0
192.168.0.10,185.122.250.100,5152,21,UDP,3884,13,0
192.168.1.39,145.155.43.64,8786,21,UDP,2131,41,0
172.16.0.129,99.41.191.58,2871,25,TCP,411,125,0
10.0.0.89,10.0.0.58,40762,8080,UDP,676,6,0
192.168.0.161,172.16.0.13,64744,25,TCP,10343,2,0
192.168.0.238,192.168.0.183,21452,110,TCP,9024,23,0
10.0.0.217,51.140.64.161,20869,3389,TCP,679,33,0
10.0.0.168,172.16.0.198,45279,8080,UDP,798,8,0
10.0.0.67,144.131.176.6,28009,443,TCP,502,27,0
149.113.76.234,10.0.0.112,38622,80,UDP,1272679,10730,1
192.168.0.72,21.104.79.138,22437,110,UDP,822,40,0
192.168.0.126,192.168.1.34,41294,110,TCP,302,10,0
195.18.77.232,192.168.1.251,42417,23,TCP,1058,17,1
67.182.81.45,192.168.1.207,5196,22134,TCP,150,1,1
172.16.0.254,192.168.0.94,25459,22,TCP,2532,30,0
192.168.1.157,172.16.0.217,9383,22,OTHER,2309,12,0
10.0.0.65,171.84.26.102,42023,22,TCP,5499,3,0
172.16.0.220,10.0.0.41,17743,443,TCP,8618,11,0
172.16.0.84,192.168.1.188,64734,143,TCP,394,42,0
192.168.1.87,192.168.0.147,40718,110,TCP,4737,110,0
192.168.0.96,172.16.0.46,63972,143,UDP,1878,25,0
172.16.0.129,192.168.0.15,63989,21,TCP,567,6,0
192.168.0.233,67.241.76.94,26746,8080,TCP,2239,24,0
7.205.112.115,192.168.1.79,24446,80,UDP,2177510,80400,1
2.209.139.107,172.16.0.23,12485,53,UDP,1308288,42565,1
172.16.0.71,192.168.0.174,49060,25,UDP,68361,17,0
10.0.0.38,64.182.202.132,4232,22,TCP,1553,14,0
192.168.1.7,192.168.1.241,39961,8080,TCP,27974,15,0
192.168.1.243,172.16.0.218,51541,3389,TCP,4599,233,0
192.168.1.80,192.168.1.15,25189,22,TCP,2897,7,0
10.0.0.216,192.168.1.59,54881,80,TCP,763,4,0
10.0.0.155,12.235.63.250,61467,110,TCP,1474,34,0
172.16.0.216,10.0.0.121,9841,443,UDP,65141,6,0
192.168.1.106,27.228.179.57,48554,22,UDP,11735,8,0
172.16.0.4,32.232.188.173,50111,22,TCP,17064,20,0
192.168.1.223,192.168.0.40,25528,53,TCP,2921,6,0
192.168.1.30,192.168.0.90,21464,25,TCP,1782,13,0
172.16.0.136,14.77.70.52,23481,110,TCP,436,48,0
10.0.0.67,172.16.0.145,24986,3389,TCP,1061,191,0
192.168.0.209,144.253.209.176,33249,110,TCP,11920,16,0
192.168.0.175,192.168.1.244,48682,143,TCP,4012,17,0
10.0.0.29,169.34.22.214,62483,53,TCP,4451,27,0
10.0.0.49,17.11.118.214,63115,12345,TCP,3479937,466,1
10.0.0.71,192.168.1.190,8334,3389,TCP,1481,4,0
172.16.0.172,36.244.165.240,17280,80,TCP,1121,21,0
172.16.0.126,145.15.112.75,3166,22,UDP,1360,57,0
127.42.148.120,192.168.0.239,29686,80,UDP,1063386,14448,1
192.168.0.140,188.239.140.223,55507,3389,TCP,569,2,0
10.0.0.93,146.16.78.174,30510,25,UDP,505,2,0
192.168.0.33,21.222.103.211,42129,53,OTHER,8290,127,0
172.16.0.34,45.102.80.156,33279,4444,TCP,324743,600,1
192.168.0.115,172.16.0.223,32590,53,UDP,7303,40,0
192.168.0.247,73.87.2.250,48560,4444,TCP,1200574,776,1
192.168.0.134,177.92.160.141,1717,80,UDP,2122,29,0
211.157.10.166,192.168.1.216,49484,22,TCP,1614,30,1
172.16.0.109,49.164.176.153,43976,80,TCP,64,51,0
192.168.1.96,172.16.0.145,16962,8080,UDP,116847,22,0
192.168.1.244,167.35.20.194,3057,8080,TCP,267,24,0
192.168.0.2,192.168.1.148,35269,443,TCP,1143,5,0
10.0.0.119,76.27.72.119,55411,143,UDP,18044,10,0
192.168.1.89,10.0.0.174,45489,3389,TCP,2926,8,0
192.168.1.105,192.168.1.237,18709,110,TCP,3127,9,0
172.16.0.202,172.16.0.105,10803,22,UDP,4244,43,0
172.16.0.27,192.168.0.191,43433,21,TCP,2300,48,0
96.69.234.185,192.168.0.162,24524,63935,TCP,109,1,1
172.16.0.126,162.137.212.97,30645,443,UDP,1727,18,0
192.168.1.129,192.168.1.46,15650,21,TCP,2666,37,0
192.168.0.52,10.0.0.239,37856,22,UDP,2083,8,0
172.16.0.97,170.68.178.31,12720,21,TCP,5386,13,0
10.0.0.225,10.0.0.209,23484,53,OTHER,28427,48,0
192.168.0.29,147.61.128.128,58994,4444,TCP,899371,774,1
192.168.1.190,58.71.52.174,49564,21,UDP,6279,17,0
10.0.0.23,192.168.1.63,29576,3389,TCP,4304,12,0
204.109.23.152,10.0.0.215,12391,443,TCP,1097506,43802,1
192.168.1.152,10.0.0.143,7423,143,UDP,30126,149,0
172.16.0.9,56.119.13.144,14055,21,TCP,7875,92,0
172.16.0.33,94.20.183.54,45723,8080,TCP,886,12,0
10.0.0.67,10.0.0.49,10849,21,UDP,17900,4,0
172.16.0.243,10.0.0.3,51216,110,TCP,4233,4,0
23.41.200.230,192.168.0.74,63824,22,TCP,423,10,1
7.145.62.101,10.0.0.152,61916,22,TCP,1914,15,1
192.168.1.135,192.168.0.97,37091,110,UDP,353,90,0
192.168.0.178,192.168.1.97,39231,21,TCP,1313,29,0
10.0.0.202,10.0.0.117,32973,80,TCP,39753,13,0
192.168.0.180,128.177.132.43,25394,53,TCP,16712,9,0
10.0.0.141,10.0.0.217,25385,110,UDP,603,14,0
192.168.1.222,10.0.0.32,53409,25,TCP,30538,22,0
192.168.0.247,192.168.1.142,62320,110,TCP,39787,31,0
10.0.0.170,172.16.0.142,35818,25,UDP,785,8,0
192.168.1.156,165.99.113.201,62343,9999,TCP,789877,1423,1
10.0.0.240,162.21.62.65,32561,22,TCP,579,14,0
172.16.0.201,192.168.0.26,15078,21,UDP,370,3,0
172.122.129.142,172.16.0.80,42898,62816,TCP,132,3,1
10.0.0.180,213.202.140.3,38112,80,TCP,19937,9,0
192.168.0.15,47.207.9.225,48180,22,UDP,17751,5,0
10.0.0.58,10.0.0.198,19964,8080,TCP,1123,12,0
172.16.0.163,192.168.1.121,23827,110,OTHER,6454,33,0
192.168.0.135,192.168.0.157,19579,25,UDP,11832,15,0
172.16.0.6,33.82.68.162,34620,80,UDP,2066,52,0
192.168.1.33,10.0.0.252,37616,25,UDP,8622,52,0
192.168.0.1,10.0.0.4,31081,143,UDP,5906,175,0
206.204.182.122,172.16.0.253,32778,33517,TCP,111,1,1
192.168.0.34,122.25.204.68,6599,110,UDP,3792,20,0
172.16.0.232,98.1.199.68,61744,143,TCP,4899,53,0
192.168.0.29,186.30.81.27,28288,3389,UDP,4074,2,0
192.168.0.125,112.248.14.100,23052,110,UDP,750,94,0
192.168.0.46,82.183.14.181,46935,25,TCP,661,9,0
107.184.125.39,172.16.0.202,15978,9044,TCP,149,2,1
10.0.0.244,83.97.9.174,1294,8080,TCP,2075,28,0
192.168.0.78,102.170.194.206,57529,25,TCP,47735,61,0
10.0.0.197,172.16.0.161,16703,22,UDP,7188,179,0
192.168.1.117,107.233.29.144,31326,22,TCP,3394,17,0
170.252.238.52,10.0.0.170,33654,32130,TCP,169,2,1
172.16.0.218,10.0.0.27,14471,21,UDP,2683,3,0
172.16.0.99,48.217.3.148,33671,8080,TCP,641,128,0
192.168.1.7,14.28.102.69,50188,53,UDP,37268,12,0
192.168.1.27,192.168.1.143,37009,80,UDP,14390,11,0
192.168.1.12,183.170.242.133,30973,53,TCP,958,4,0
172.16.0.47,10.0.0.102,15579,3389,UDP,3596,13,0
192.168.0.148,192.168.0.251,52162,22,TCP,7713,30,0
192.168.1.251,10.0.0.204,59925,80,TCP,2945,88,0
192.168.0.227,80.203.242.65,3423,8080,TCP,4907,9,0
10.0.0.142,108.194.89.158,38320,22,TCP,50477,23,0
10.0.0.85,192.168.1.28,28349,53,UDP,6683,58,0
192.168.1.68,192.168.1.128,30855,21,TCP,1163,123,0
126.241.211.238,10.0.0.184,28704,57460,TCP,65,1,1
192.168.0.163,65.78.216.203,25730,443,UDP,2838,11,0
10.0.0.58,192.168.0.97,21131,22,UDP,3826,32,0
172.16.0.217,192.168.1.139,15825,80,TCP,264,64,0
192.168.0.123,102.163.149.189,46568,143,UDP,141497,21,0
172.16.0.18,172.16.0.84,33418,80,TCP,65660,67,0
170.108.2.135,10.0.0.145,51280,53,TCP,867145,8819,1
163.38.109.74,192.168.0.128,18401,80,UDP,1476093,19523,1
192.168.0.46,172.16.0.13,37554,8080,UDP,16551,42,0
172.16.0.47,64.38.226.207,57473,21,TCP,13995,50,0
172.16.0.165,192.168.0.172,47084,21,TCP,3092,33,0
10.0.0.236,172.16.0.184,65418,25,TCP,873,20,0
172.16.0.70,172.16.0.49,22037,80,UDP,1035,18,0
192.168.1.117,119.162.226.157,54436,21,UDP,9764,8,0
192.168.1.136,10.0.0.90,48693,53,TCP,339,4,0
192.168.0.145,172.16.0.139,21278,53,UDP,2829,25,0
192.168.1.129,10.0.0.14,7425,110,UDP,3240,59,0
10.0.0.208,16.168.62.106,24197,110,TCP,21125,20,0
10.0.0.100,172.16.0.51,14502,25,TCP,9581,11,0
192.168.0.107,192.168.0.240,61293,80,UDP,1103,35,0
192.168.0.230,48.129.150.120,44309,443,TCP,78,48,0
76.218.138.179,192.168.0.202,45894,5306,TCP,198,2,1
172.16.0.173,192.168.1.224,5793,8080,TCP,3915,25,0
192.168.1.102,10.0.0.57,22851,53,TCP,1470,25,0
192.168.0.3,10.0.0.66,52810,443,TCP,6225,41,0
10.0.0.155,24.117.10.196,45082,22,UDP,15132,57,0
192.168.1.33,10.0.0.223,7601,143,TCP,74303,37,0
192.168.0.199,172.16.0.233,30038,22,UDP,6062,18,0
192.168.1.238,10.0.0.117,43053,21,TCP,259,21,0
172.16.0.3,75.155.124.119,25159,3389,TCP,5272,36,0
172.16.0.201,65.126.253.153,41438,8080,TCP,2108,40,0
169.239.67.227,10.0.0.186,47645,25584,TCP,146,3,1
172.16.0.63,172.16.0.49,7205,443,TCP,4991,3,0
10.0.0.236,192.168.0.164,38087,443,TCP,1145,11,0
192.168.1.156,192.168.0.56,39615,143,UDP,1135,50,0
172.16.0.10,85.121.25.191,32167,22,TCP,23700,38,0
192.168.0.183,53.97.136.74,49942,31337,TCP,1144304,4309,1
192.168.0.101,97.114.10.243,2529,12345,TCP,984551,300,1
172.16.0.23,172.16.0.81,8803,143,TCP,11416,37,0
172.16.0.121,58.73.132.234,24843,110,UDP,8809,13,0
172.16.0.69,85.200.1.132,47397,143,UDP,6000,19,0
172.16.0.52,192.168.0.162,53594,21,TCP,93746,13,0
192.168.0.84,210.201.186.30,62107,3389,OTHER,3043,19,0
192.168.0.152,172.16.0.135,42953,21,OTHER,1245,7,0
46.195.167.40,10.0.0.160,41868,22,TCP,1756,7,1
12.231.166.243,192.168.1.85,48966,53,TCP,1122732,35469,1
10.0.0.181,95.237.203.163,61518,443,TCP,7849,174,0
192.168.1.124,18.195.112.174,46976,8080,UDP,682,16,0
10.0.0.140,198.135.247.50,63764,8080,TCP,365,35,0
112.97.44.78,172.16.0.38,32087,27649,TCP,45,1,1
172.16.0.137,59.126.235.89,11190,22,TCP,11011,14,0
9.30.143.35,10.0.0.33,8305,443,UDP,1396355,15125,1
10.0.0.248,172.16.0.34,40020,443,UDP,3451,9,0
10.0.0.246,192.168.0.32,3761,80,TCP,2021,16,0
192.168.0.253,211.226.74.113,3965,8080,UDP,383,16,0
5.249.41.2,192.168.1.46,61719,5842,TCP,191,2,1
192.168.0.33,192.168.0.68,35605,3389,UDP,406,24,0
192.168.0.27,154.164.196.108,65216,3389,UDP,7482,7,0
10.0.0.24,211.120.152.54,57346,5555,TCP,258858,2093,1
10.0.0.14,10.0.0.142,62253,443,TCP,4977,131,0
192.168.1.234,10.0.0.132,53637,21,UDP,1478,28,0
192.168.0.121,172.16.0.23,5223,22,UDP,23775,35,0
192.168.1.78,111.164.238.114,30001,8080,TCP,4386,18,0
172.16.0.148,45.208.54.144,5767,21,TCP,3904,80,0
192.168.1.218,192.168.1.209,39158,3389,UDP,1169,136,0
88.95.108.48,192.168.1.192,65392,23,TCP,1985,26,1
106.174.83.27,192.168.0.40,34013,14491,TCP,88,3,1
192.168.0.81,138.94.98.56,49429,143,TCP,4514,45,0
192.168.1.166,94.145.107.112,17498,9999,TCP,330442,314,1
40.227.248.121,192.168.0.232,2310,443,TCP,885683,21622,1
64.66.210.203,10.0.0.116,32374,57247,TCP,74,2,1
10.0.0.93,172.16.0.246,27047,80,TCP,3245,34,0
172.16.0.59,172.16.0.203,51399,110,UDP,32589,8,0
10.0.0.201,172.16.0.59,24342,21,TCP,2351,13,0
192.168.0.74,82.225.60.70,10809,53,TCP,36492,29,0
192.168.0.18,172.16.0.76,54725,22,UDP,5339,242,0
192.168.1.71,37.212.86.179,25267,12345,TCP,231894,578,1
10.0.0.109,192.168.1.173,43848,443,UDP,4847,13,0
10.0.0.205,10.0.0.17,64568,53,TCP,19099,20,0
172.16.0.236,81.219.207.182,42976,110,TCP,5538,11,0
192.168.1.147,123.225.174.48,64298,80,TCP,7619,8,0
10.0.0.153,35.154.3.77,15565,8080,UDP,2681,32,0
192.168.1.103,192.168.0.194,57629,80,TCP,180,14,0
192.168.1.45,214.102.29.64,3191,143,UDP,387,42,0
192.168.0.23,192.168.0.107,16776,3389,UDP,380,4,0
192.168.1.220,192.168.0.210,61215,143,TCP,1039,14,0
192.168.0.23,82.221.72.67,8681,9999,TCP,1173143,1637,1
49.76.27.59,172.16.0.14,13026,80,UDP,1322177,36334,1
171.227.234.78,192.168.0.230,52754,20087,TCP,83,2,1
172.16.0.35,10.0.0.196,27451,25,UDP,7078,27,0
192.168.0.230,172.16.0.180,59716,25,TCP,4479,5,0
192.168.0.88,10.0.0.16,2460,53,TCP,13049,16,0
192.168.0.204,31.202.124.3,64517,80,TCP,96663,29,0
10.0.0.170,10.0.0.222,8094,80,TCP,2913,35,0
169.249.155.159,172.16.0.223,54313,53,UDP,880878,24277,1
172.16.0.30,172.16.0.126,5879,3389,TCP,598,32,0
192.168.1.28,10.0.0.43,43425,3389,UDP,2033,90,0
172.16.0.99,54.220.222.146,52622,25,TCP,1302,259,0
192.168.1.83,192.168.1.33,19047,3389,TCP,2888,22,0
172.16.0.206,58.47.48.152,23099,9999,TCP,866808,5013,1
172.16.0.101,192.168.1.89,45871,25,TCP,2861,7,0
172.16.0.65,78.203.52.2,34546,25,UDP,14919,7,0
172.16.0.37,184.92.41.125,22823,53,OTHER,7905,18,0
71.57.75.128,192.168.0.224,14410,34124,TCP,200,1,1
10.0.0.216,10.0.0.183,49312,21,TCP,5425,38,0
192.168.1.214,172.16.0.241,63382,22,UDP,32177,5,0
192.168.0.194,172.16.0.248,56450,21,OTHER,25897,4,0
10.0.0.222,10.0.0.141,30177,53,UDP,1688,16,0
192.168.1.23,192.168.0.181,40091,3389,TCP,918,38,0
192.168.0.92,10.0.0.42,3606,21,UDP,10519,10,0
90.14.46.38,10.0.0.243,39018,22796,TCP,130,1,1
10.0.0.236,192.168.1.173,9802,25,UDP,1734,64,0
192.168.1.207,172.16.0.170,21968,53,UDP,1288,29,0
46.155.84.126,172.16.0.35,21501,21,TCP,1198,29,1
172.16.0.48,172.16.0.22,51628,3389,UDP,653,3,0
98.217.109.132,192.168.0.105,8419,49900,TCP,120,1,1
192.168.1.3,192.168.0.85,24454,143,UDP,2964,6,0
192.168.1.90,28.0.24.99,29743,110,TCP,25103,11,0
172.16.0.206,192.168.0.69,11457,443,UDP,3448,52,0
172.16.0.35,192.168.0.13,18073,110,TCP,10099,5,0
10.0.0.244,192.168.1.35,64120,110,TCP,2817,60,0
192.168.0.133,10.0.0.100,31804,143,TCP,15650,65,0
10.0.0.118,3.238.147.174,36845,53,TCP,449,50,0
172.16.0.151,223.3.81.179,28720,25,TCP,2098,15,0
192.168.1.3,192.168.0.130,56653,143,TCP,24319,50,0
10.0.0.42,181.239.223.30,59690,31337,TCP,29636,1886,1
172.16.0.50,36.79.39.76,56364,443,UDP,75340,9,0
10.0.0.229,41.89.185.131,15719,443,TCP,5303,19,0
46.133.86.129,192.168.1.149,33322,443,UDP,756398,24814,1
10.0.0.202,172.16.0.31,14896,21,TCP,596,1,0
192.168.1.30,10.0.0.46,39073,22,TCP,3003,15,0
172.16.0.181,168.84.222.41,4533,443,TCP,30371,121,0
192.168.0.98,10.0.0.93,41183,22,TCP,1040,10,0
192.168.1.13,192.168.0.254,9276,3389,UDP,2181,12,0
192.168.0.151,223.119.168.199,10694,3389,TCP,1231,46,0
152.167.144.51,192.168.0.176,6555,443,UDP,1190983,18928,1
172.16.0.29,172.16.0.12,5174,22,TCP,663,15,0
172.16.0.48,192.168.1.135,3240,443,TCP,10986,77,0
10.0.0.145,192.168.1.230,35637,80,UDP,910,32,0
10.0.0.188,192.168.1.86,53918,110,UDP,2828,118,0
192.168.0.151,211.203.39.77,11670,3389,TCP,32525,12,0
192.168.1.80,192.168.0.15,17046,443,TCP,1257,22,0
172.16.0.44,195.175.112.227,20367,12345,TCP,288844,2748,1
10.0.0.245,122.34.46.213,6618,443,UDP,10281,45,0
192.168.1.76,192.168.0.83,34702,443,TCP,2778,32,0
192.168.1.29,177.76.18.214,25220,3389,UDP,27360,11,0
10.0.0.132,172.16.0.26,53637,143,TCP,6114,28,0
192.168.0.164,192.168.1.52,56766,21,TCP,9305,26,0
29.76.242.128,192.168.1.50,12579,80,TCP,1413443,19415,1
172.16.0.145,192.168.0.44,12497,443,TCP,1462,10,0
192.168.0.236,192.168.0.222,5599,22,TCP,1468,59,0
192.168.1.15,57.10.244.1,22764,3389,TCP,30508,7,0
172.16.0.43,6.64.120.170,17515,443,OTHER,2611,264,0
10.0.0.59,172.16.0.251,7475,443,UDP,6358,47,0
211.154.155.127,172.16.0.58,2782,22,TCP,515,13,1
42.121.59.11,10.0.0.148,9312,21,TCP,733,16,1
10.0.0.147,110.13.136.8,12847,22,TCP,3447,36,0
10.0.0.108,205.150.148.43,3339,3389,TCP,1431,6,0
192.168.1.159,169.161.133.53,44915,25,TCP,2675,54,0
10.0.0.160,192.168.0.108,55461,443,UDP,2806,4,0
10.0.0.130,44.92.150.25,31877,53,UDP,339,2,0
192.168.1.189,133.198.60.68,51812,22,OTHER,28382,21,0
10.0.0.157,192.168.0.248,30865,3389,TCP,1724,8,0
172.16.0.245,184.249.18.159,5508,8080,UDP,907,17,0
192.168.1.180,10.0.0.238,33977,443,TCP,1840,160,0
10.0.0.194,192.168.0.199,48531,8080,UDP,1166,29,0
192.168.1.214,85.173.245.235,32120,80,UDP,3910,5,0
10.0.0.84,192.168.0.52,9685,21,TCP,2040,5,0
10.0.0.108,10.0.0.96,18100,3389,TCP,644,40,0
169.46.203.242,10.0.0.172,56061,53,TCP,1419748,24227,1
172.16.0.47,10.0.0.157,2912,53,TCP,2057,10,0
10.0.0.57,10.0.0.174,50541,53,UDP,742,18,0
121.82.106.73,10.0.0.204,46289,53,TCP,1253211,10627,1
192.168.0.253,65.89.56.170,57807,80,TCP,5092,10,0
10.0.0.12,154.28.3.53,20777,8080,TCP,3339,10,0
192.168.1.211,10.0.0.115,1770,22,TCP,1145,65,0
61.62.160.85,172.16.0.207,50069,3389,TCP,1066,11,1
192.168.0.20,10.0.0.62,22709,22,UDP,3259,10,0
192.168.1.108,187.228.147.161,12866,443,UDP,21857,35,0
10.0.0.69,192.168.1.49,29972,8080,UDP,5182,13,0
192.168.1.101,172.16.0.40,4596,25,TCP,4576,28,0
10.0.0.13,156.36.6.239,61384,8080,UDP,2292,9,0
172.16.0.56,192.168.0.184,23170,443,TCP,6530,11,0
192.168.1.31,172.16.0.158,1458,21,TCP,2894,34,0
10.0.0.177,76.188.113.57,63765,53,UDP,10441,6,0
172.16.0.27,192.168.0.32,1807,80,TCP,19606,8,0
192.168.0.140,83.161.154.70,45945,9999,TCP,162868,732,1
192.168.0.227,85.169.184.76,15340,3389,TCP,16699,3,0
192.168.0.156,122.19.60.24,32628,53,UDP,2299,20,0
192.168.0.118,172.16.0.81,46192,80,UDP,3207,20,0
172.16.0.201,172.16.0.140,52236,143,UDP,1528,85,0
192.168.1.192,192.168.1.118,48004,25,UDP,288,13,0
10.0.0.48,172.16.0.122,10036,53,TCP,21007,95,0
172.16.0.130,183.212.216.180,27387,443,UDP,6247,24,0
172.16.0.112,10.0.0.83,56841,8080,UDP,499,38,0
192.168.0.76,146.200.26.86,1540,4444,TCP,287994,630,1
172.16.0.23,10.0.0.171,23792,443,TCP,231,19,0
192.168.0.177,10.0.0.61,1203,80,TCP,1526,3,0
10.0.0.136,10.0.0.213,11807,22,UDP,34496,4,0
77.241.63.168,10.0.0.107,12779,32237,TCP,102,1,1
10.0.0.61,82.41.70.39,16179,110,TCP,674,11,0
172.16.0.79,192.168.1.157,63945,443,UDP,836,4,0
192.168.1.62,172.16.0.143,50711,8080,UDP,10230,133,0
10.0.0.78,41.223.249.167,21817,53,TCP,553,29,0
187.226.173.177,192.168.1.188,32414,58994,TCP,50,1,1
10.0.0.251,217.59.157.201,27072,143,TCP,2286,9,0
10.0.0.45,201.19.103.234,7092,143,TCP,9228,29,0
166.213.242.30,192.168.1.69,33450,53,UDP,595312,21129,1
172.16.0.242,139.252.224.21,40216,80,UDP,5098,35,0
192.168.0.88,192.168.0.176,36061,143,UDP,1296,131,0
172.16.0.178,19.117.196.23,48915,443,UDP,36250,55,0
192.168.1.121,192.168.1.63,46984,53,TCP,86,7,0
192.168.0.159,42.146.93.250,12516,5555,TCP,408545,1574,1
10.0.0.203,10.146.241.179,55491,53,UDP,17486,12,0
10.0.0.47,192.168.0.128,49331,8080,TCP,1209,27,0
172.16.0.182,192.168.1.40,61882,25,TCP,2868,64,0
192.168.0.115,119.77.176.7,32662,443,TCP,19324,2,0
172.16.0.161,192.168.1.53,18525,21,TCP,1857,42,0
172.16.0.82,10.0.0.74,9011,3389,UDP,1225,8,0
172.16.0.140,45.243.71.49,37424,110,TCP,537,16,0
12.65.255.224,10.0.0.192,24655,21,TCP,779,13,1
192.168.1.59,192.168.1.12,57299,80,UDP,7697,53,0
63.242.174.74,192.168.0.22,18457,23,TCP,1664,29,1
10.0.0.140,10.0.0.16,27116,22,OTHER,2373,36,0
192.168.0.221,177.69.220.233,64972,53,UDP,1092,56,0
53.172.254.129,10.0.0.43,41317,19630,TCP,133,2,1
10.0.0.6,10.0.0.164,59490,8080,TCP,1247,36,0
10.0.0.116,159.188.33.49,59475,31337,TCP,316546,793,1
43.224.124.237,192.168.1.35,7575,21,TCP,1792,10,1
192.168.1.48,118.11.20.64,61465,21,UDP,17941,17,0
10.0.0.53,21.230.189.24,36127,8080,TCP,7701,194,0
192.168.0.50,10.0.0.209,24252,22,TCP,4536,6,0
10.0.0.222,192.168.0.64,10608,25,UDP,3538,23,0
192.168.1.146,10.0.0.142,19937,443,TCP,302041,61,0
192.168.1.177,56.130.243.215,42302,443,TCP,851,171,0
35.182.83.14,10.0.0.93,28517,41698,TCP,131,1,1
192.168.0.42,158.129.99.30,12909,3389,TCP,8879,21,0
172.16.0.60,192.168.1.232,21697,143,TCP,3566,7,0
172.16.0.144,112.216.18.52,11467,9999,TCP,259022,1020,1
192.168.1.2,12.44.170.120,59297,80,TCP,2178,8,0
172.16.0.194,142.247.91.95,37664,21,TCP,12999,14,0
10.0.0.20,192.168.0.122,21593,25,TCP,3491,5,0
10.0.0.157,88.5.240.117,34621,143,UDP,50356,93,0
105.111.67.92,10.0.0.62,43467,65468,TCP,63,1,1
10.0.0.143,192.168.0.51,40507,21,TCP,267,24,0
172.16.0.48,192.168.0.143,11959,143,TCP,7256,14,0
172.16.0.76,108.207.198.189,3338,3389,UDP,31203,18,0
10.0.0.213,10.0.0.148,13625,443,TCP,1487,12,0
192.168.0.111,172.16.0.161,21872,110,UDP,3403,88,0
192.168.1.201,192.168.0.158,12131,80,TCP,3485,18,0
172.16.0.207,192.168.0.28,61189,443,TCP,7954,18,0
10.0.0.183,10.0.0.109,59710,110,TCP,1525,24,0
192.168.0.99,192.168.1.61,26017,3389,UDP,305,12,0
172.16.0.21,10.0.0.90,58682,110,TCP,2164,89,0
10.0.0.247,192.168.1.25,61167,21,TCP,9406,68,0
10.0.0.90,172.16.0.174,65324,21,OTHER,4647,26,0
10.0.0.253,172.16.0.177,17414,143,TCP,71914,56,0
10.0.0.218,137.203.111.248,29181,8080,UDP,3851,16,0
172.16.0.173,10.0.0.225,56552,110,TCP,4174,57,0
172.16.0.188,177.193.183.186,9853,22,UDP,916,5,0
172.16.0.166,48.7.172.203,20358,3389,TCP,7768,3,0
192.168.1.117,192.168.1.80,44676,53,UDP,138708,18,0
71.252.34.154,192.168.1.196,49885,443,UDP,2323435,20763,1
172.16.0.230,221.243.230.67,50292,8080,TCP,24445,4,0
192.168.0.228,192.168.1.194,10639,53,TCP,13850,36,0
172.16.0.88,10.0.0.211,1192,22,UDP,3282,6,0
192.168.0.54,10.0.0.176,23653,53,UDP,1444,96,0
192.168.0.105,10.0.0.170,19473,22,TCP,1188,13,0
192.168.0.131,210.54.166.143,43586,443,UDP,355,3,0
192.168.0.32,218.103.224.249,28270,4444,TCP,547543,600,1
192.168.1.162,172.16.0.22,59037,143,UDP,5671,40,0
50.251.162.155,192.168.1.233,44721,23663,TCP,141,1,1
172.16.0.38,192.168.0.9,38547,443,TCP,29280,34,0
192.168.0.218,10.0.0.50,54030,443,TCP,4400,8,0
192.168.0.209,70.120.221.220,25985,8080,TCP,1014,49,0
172.16.0.115,79.249.55.45,43330,3389,UDP,15713,7,0
19.241.248.14,172.16.0.38,15190,21,TCP,564,17,1
119.75.123.39,10.0.0.217,29557,21,TCP,852,7,1
192.168.1.249,193.121.85.105,32850,143,TCP,846,14,0
192.168.1.221,132.121.142.172,32836,8080,TCP,1493,57,0
10.0.0.80,192.168.1.227,4471,53,TCP,16935,44,0
192.168.1.52,50.50.16.147,43081,110,TCP,1094,54,0
172.16.0.157,10.0.0.86,18740,22,UDP,2565,16,0
192.168.0.81,192.168.1.222,24553,80,TCP,4861,5,0
192.168.0.246,83.195.58.99,17839,21,UDP,427,64,0
10.0.0.93,2.157.227.93,50919,22,UDP,430,5,0
10.0.0.55,41.185.60.170,16119,110,TCP,4827,30,0
10.0.0.178,172.16.0.100,28324,25,TCP,7930,4,0
192.168.0.161,170.41.80.62,12415,21,UDP,1525,47,0
192.168.0.157,126.102.62.35,56914,443,UDP,34300,5,0
192.168.1.144,172.16.0.143,35757,53,UDP,4952,13,0
10.0.0.220,192.168.0.68,49097,443,TCP,7473,7,0
192.168.1.30,172.16.0.62,60301,3389,TCP,1730,6,0
172.16.0.214,10.0.0.199,53378,8080,UDP,5800,43,0
64.120.159.152,192.168.1.234,46112,4293,TCP,118,1,1
192.168.1.166,185.249.223.250,9922,443,TCP,2633,17,0
10.0.0.139,192.168.0.8,31874,80,TCP,2438,20,0
192.168.1.90,192.168.0.73,51351,25,TCP,4175,51,0
10.0.0.60,52.69.55.40,7948,53,TCP,3110,20,0
192.168.0.53,181.32.52.205,58170,21,TCP,476,40,0
10.0.0.207,110.86.2.81,17157,8080,TCP,13319,1,0
192.168.1.241,10.0.0.30,59332,443,TCP,58,45,0
10.0.0.91,10.0.0.79,17499,8080,TCP,2655,28,0
192.168.1.168,192.168.1.24,27584,110,TCP,3512,41,0
10.0.0.6,179.240.11.253,21767,31337,TCP,834611,2664,1
10.0.0.18,192.168.1.100,58258,143,TCP,1517,37,0
172.16.0.137,172.16.0.248,2099,80,UDP,861,21,0
172.16.0.136,150.119.81.26,17267,8080,TCP,1587,15,0
10.0.0.208,147.204.111.188,6083,25,TCP,485,36,0
110.172.205.84,192.168.1.250,45856,37747,TCP,179,1,1
36.171.122.139,192.168.1.167,32382,3389,TCP,1742,28,1
29.8.96.220,192.168.1.54,32554,3389,TCP,1530,12,1
172.16.0.140,109.52.126.77,58355,80,UDP,436,116,0
10.0.0.85,192.168.0.179,14724,3389,UDP,2139,15,0
192.168.1.80,172.16.0.35,52175,21,UDP,3970,21,0
192.168.1.223,192.168.1.163,51972,110,TCP,3725,14,0
172.16.0.19,192.168.0.50,59724,22,TCP,2522,8,0
157.45.154.90,172.16.0.2,37574,3389,TCP,593,8,1
172.16.0.177,10.0.0.198,6888,8080,TCP,3976,14,0
192.168.0.218,192.168.0.194,34718,53,TCP,3735,28,0
77.221.160.52,172.16.0.103,17490,40958,TCP,171,2,1
172.16.0.95,10.0.0.206,6438,110,TCP,65586,116,0
172.16.0.212,192.168.0.145,36782,8080,UDP,1194,16,0
10.0.0.89,67.46.145.8,26357,80,TCP,4333,97,0
10.0.0.100,7.163.112.8,59728,22,TCP,31868,11,0
118.185.15.114,172.16.0.230,10565,80,TCP,1025276,14794,1
172.16.0.129,158.22.154.118,43185,80,TCP,859,11,0
10.0.0.250,178.203.108.183,26156,31337,TCP,474516,2778,1
192.168.0.204,96.96.210.226,37760,110,UDP,4896,46,0
172.16.0.111,100.60.3.165,48228,3389,TCP,1766,14,0
96.57.162.140,172.16.0.137,28796,443,TCP,1554326,19345,1
192.168.0.253,192.168.0.106,20717,22,TCP,4867,16,0
172.16.0.238,82.79.2.249,49422,12345,TCP,366904,2412,1
192.168.0.42,10.0.0.254,61670,21,TCP,652,27,0
10.0.0.199,10.0.0.139,54934,80,TCP,288,36,0
1.205.102.161,10.0.0.81,38760,22,TCP,426,10,1
192.168.1.153,10.0.0.222,26270,80,TCP,2019,4,0
10.0.0.106,10.0.0.9,65133,80,UDP,18611,35,0
172.16.0.158,86.101.40.250,61499,143,UDP,2486,30,0
172.16.0.70,20.143.16.46,61891,25,TCP,50163,77,0
172.16.0.81,219.192.226.118,3382,4444,TCP,502012,5172,1
192.168.1.124,172.16.0.54,39742,53,UDP,33542,31,0
192.168.0.182,50.0.60.7,31490,443,UDP,2319,26,0
192.168.1.134,117.21.125.133,36273,110,UDP,1723,24,0
18.243.218.54,10.0.0.204,6048,23,TCP,1233,30,1
